Hour,Traffic_Volume
1,535.48956752
2,296.33101046
3,246.77252889
4,352.19893217
5,895.13210297
6,2465.7238245
7,4384.20758724
8,5176.17955208
9,5236.81535244
10,5028.25083256
11,4827.28905678
12,4794.98184204
13,4777.16674805
14,4787.52663136
15,4866.52860641
16,5007.58140087
17,5136.25874519
18,5188.13756943
19,5123.68499279
20,4896.48483276
21,4550.97936153
22,4090.66642284
23,3702.2178793
24,3426.98951721
